date,src,pdb_id,pre-reactive smiles,bonded protein,bonded pocket,bonded chain,bonded ligand,bond,length,products,reactants,set,products_wH,products_woAA,products_woAAbackbone
2021-01-04,covbinderInPDB,7DT2,COc1cc(B(O)O)c(C=O)cc1-c1c[nH]c2ncc(-c3cncc(C(=O)N(C)C)c3)cc12,./data/processed/bonded/7DT2/7DT2_protein.pdb,./data/processed/bonded/7DT2/7DT2_10Apocket.pdb,./data/processed/bonded/7DT2/7DT2_chain_within_10A.pdb,./data/processed/bonded/7DT2/7DT2_ligand.pdb,NZ LYS B 271-C21 HJ9 B 601,1.28,COc1cc(B(O)O)c(CNCCCCC(N)C(=O)O)cc1-c1c[nH]c2ncc(-c3cncc(C(=O)N(C)C)c3)cc12,NCCCCC(N)C(=O)O.COc1cc(B(O)O)c(C=O)cc1-c1c[nH]c2ncc(-c3cncc(C(=O)N(C)C)c3)cc12,test,[H]OB(O[H])c1c([H])c(OC([H])([H])[H])c(-c2c([H])n([H])c3nc([H])c(-c4c([H])nc([H])c(C(=O)N(C([H])([H])[H])C([H])([H])[H])c4[H])c([H])c23)c([H])c1CN([H])C([H])([H])C([H])([H])C([H])([H])C([H])([H])[C@@]([H])(C(=O)O[H])N([H])[H],COc1cc(B(O)O)c(C[Ti])cc1-c1c[nH]c2ncc(-c3cncc(C(=O)N(C)C)c3)cc12,CCCCNCc1cc(-c2c[nH]c3ncc(-c4cncc(C(=O)N(C)C)c4)cc23)c(OC)cc1B(O)O
2021-02-25,covbinderInPDB,7NNX,O=C1C=CC(=O)C=C1,./data/processed/bonded/7NNX/7NNX_protein.pdb,./data/processed/bonded/7NNX/7NNX_10Apocket.pdb,./data/processed/bonded/7NNX/7NNX_chain_within_10A.pdb,./data/processed/bonded/7NNX/7NNX_ligand.pdb,SG CYS A 90-C2 HQE A 301,1.81,NC(CSc1cc(O)ccc1O)C(=O)O,NC(CS)C(=O)O.O=C1C=CC(=O)C=C1,test,[H]OC(=O)[C@@]([H])(N([H])[H])C([H])([H])Sc1c([H])c(O[H])c([H])c([H])c1O[H],Oc1ccc(O)c([Ti])c1,CSc1cc(O)ccc1O
2020-08-04,covbinderInPDB,7JN7,CC(C)[C@H](N)C(=O)N1CCC[C@H]1B(O)O,./data/processed/bonded/7JN7/7JN7_protein.pdb,./data/processed/bonded/7JN7/7JN7_10Apocket.pdb,./data/processed/bonded/7JN7/7JN7_chain_within_10A.pdb,./data/processed/bonded/7JN7/7JN7_ligand.pdb,OG SER D 730-B15 GK2 D 901,1.43,CC(C)C(N)C(=O)N1CCCC1[B-](O)(O)OCC(N)C(=O)O,NC(CO)C(=O)O.CC(C)C(N)C(=O)N1CCCC1B(O)O,test,[H]OC(=O)[C@@]([H])(N([H])[H])C([H])([H])O[B-](O[H])(O[H])[C@@]1([H])N(C(=O)[C@]([H])(N([H])[H])C([H])(C([H])([H])[H])C([H])([H])[H])C([H])([H])C([H])([H])C1([H])[H],CC(C)C(N)C(=O)N1CCCC1[B-](O)(O)[Ti],CO[B-](O)(O)C1CCCN1C(=O)C(N)C(C)C
2021-02-14,covbinderInPDB,7NIY,O=C1C=CC(=O)C=C1,./data/processed/bonded/7NIY/7NIY_protein.pdb,./data/processed/bonded/7NIY/7NIY_10Apocket.pdb,./data/processed/bonded/7NIY/7NIY_chain_within_10A.pdb,./data/processed/bonded/7NIY/7NIY_ligand.pdb,SG CYS A 90-C4 HQE A 302,1.73,NC(CSc1cc(O)ccc1O)C(=O)O,NC(CS)C(=O)O.O=C1C=CC(=O)C=C1,test,[H]OC(=O)[C@@]([H])(N([H])[H])C([H])([H])Sc1c([H])c(O[H])c([H])c([H])c1O[H],Oc1ccc(O)c([Ti])c1,CSc1cc(O)ccc1O
2021-02-03,covbinderInPDB,7NE2,O=C(COP(=O)(O)O)[C@@H](O)[C@H](O)[C@H](O)CS(=O)(=O)O,./data/processed/bonded/7NE2/7NE2_protein.pdb,./data/processed/bonded/7NE2/7NE2_10Apocket.pdb,./data/processed/bonded/7NE2/7NE2_chain_within_10A.pdb,./data/processed/bonded/7NE2/7NE2_ligand.pdb,NZ LYS C 193-C1 U8W C 301,1.34,NC(CCCCNC(COP(=O)(O)O)C(O)C(O)C(O)CS(=O)(=O)O)C(=O)O,NCCCCC(N)C(=O)O.O=C(COP(=O)(O)O)C(O)C(O)C(O)CS(=O)(=O)O,test,[H]OC(=O)[C@@]([H])(N([H])[H])C([H])([H])C([H])([H])C([H])([H])C([H])([H])N([H])[C@H](C([H])([H])OP(=O)(O[H])O[H])[C@@]([H])(O[H])[C@]([H])(O[H])[C@]([H])(O[H])C([H])([H])S(=O)(=O)O[H],O=P(O)(O)OCC([Ti])C(O)C(O)C(O)CS(=O)(=O)O,CCCCNC(COP(=O)(O)O)C(O)C(O)C(O)CS(=O)(=O)O
2020-12-03,covbinderInPDB,7KXI,Cc1ccc(C(=O)Nc2cccc(C=C(C#N)C(=O)Nc3ccccc3C(=O)O)c2)cc1,./data/processed/bonded/7KXI/7KXI_protein.pdb,./data/processed/bonded/7KXI/7KXI_10Apocket.pdb,./data/processed/bonded/7KXI/7KXI_chain_within_10A.pdb,./data/processed/bonded/7KXI/7KXI_ligand.pdb,SG CYS A 88-C15 XAY A 201,1.81,Cc1ccc(C(=O)Nc2cccc(C(SCC(N)C(=O)O)C(C#N)C(=O)Nc3ccccc3C(=O)O)c2)cc1,NC(CS)C(=O)O.Cc1ccc(C(=O)Nc2cccc(C=C(C#N)C(=O)Nc3ccccc3C(=O)O)c2)cc1,test,[H]OC(=O)c1c([H])c([H])c([H])c([H])c1N([H])C(=O)[C@]([H])(C#N)[C@@]([H])(SC([H])([H])[C@@]([H])(C(=O)O[H])N([H])[H])c1c([H])c([H])c([H])c(N([H])C(=O)c2c([H])c([H])c(C([H])([H])[H])c([H])c2[H])c1[H],Cc1ccc(C(=O)Nc2cccc(C([Ti])C(C#N)C(=O)Nc3ccccc3C(=O)O)c2)cc1,CSC(c1cccc(NC(=O)c2ccc(C)cc2)c1)C(C#N)C(=O)Nc1ccccc1C(=O)O
2020-11-19,covbinderInPDB,7B0I,CO[C@]1(C)CC2(CO2)[C@H](O)[C@@H](C=CC(C)=CC[C@@H]2O[C@H](C)[C@H](NC(=O)C=C[C@H](C)OC(C)=O)C[C@@H]2C)O1,./data/processed/bonded/7B0I/7B0I_protein.pdb,./data/processed/bonded/7B0I/7B0I_10Apocket.pdb,./data/processed/bonded/7B0I/7B0I_chain_within_10A.pdb,./data/processed/bonded/7B0I/7B0I_ligand.pdb,SG CYS D 26-C23 SJT D 1401,1.77,COC1(C)CC(O)(CSCC(N)C(=O)O)C(O)C(C=CC(C)=CCC2OC(C)C(NC(=O)C=CC(C)OC(C)=O)CC2C)O1,NC(CS)C(=O)O.COC1(C)CC2(CO2)C(O)C(C=CC(C)=CCC2OC(C)C(NC(=O)C=CC(C)OC(C)=O)CC2C)O1,test,[H]OC(=O)[C@@]([H])(N([H])[H])C([H])([H])SC([H])([H])[C@]1(O[H])C([H])([H])[C@](OC([H])([H])[H])(C([H])([H])[H])O[C@]([H])(/C([H])=C([H])/C(=C(\[H])C([H])([H])[C@]2([H])O[C@]([H])(C([H])([H])[H])[C@]([H])(N([H])C(=O)/C([H])=C(/[H])[C@@]([H])(OC(=O)C([H])([H])[H])C([H])([H])[H])C([H])([H])[C@]2([H])C([H])([H])[H])C([H])([H])[H])[C@@]1([H])O[H],COC1(C)CC(O)(C[Ti])C(O)C(C=CC(C)=CCC2OC(C)C(NC(=O)C=CC(C)OC(C)=O)CC2C)O1,COC1(C)CC(O)(CSC)C(O)C(C=CC(C)=CCC2OC(C)C(NC(=O)C=CC(C)OC(C)=O)CC2C)O1
2020-06-09,covbinderInPDB,6XD3,CN(C)C/C=C/C(=O)Nc1ccc(C(=O)Nc2cccc(Nc3ncc(Cl)c(-c4c[nH]c5ccccc45)n3)c2)cc1,./data/processed/bonded/6XD3/6XD3_protein.pdb,./data/processed/bonded/6XD3/6XD3_10Apocket.pdb,./data/processed/bonded/6XD3/6XD3_chain_within_10A.pdb,./data/processed/bonded/6XD3/6XD3_ligand.pdb,SG CYS J 312-C19 V0G J 401,1.74,CN(C)CC(CC(=O)Nc1ccc(C(=O)Nc2cccc(Nc3ncc(Cl)c(-c4c[nH]c5ccccc45)n3)c2)cc1)SCC(N)C(=O)O,NC(CS)C(=O)O.CN(C)CC=CC(=O)Nc1ccc(C(=O)Nc2cccc(Nc3ncc(Cl)c(-c4c[nH]c5ccccc45)n3)c2)cc1,test,[H]OC(=O)[C@@]([H])(N([H])[H])C([H])([H])S[C@]([H])(C([H])([H])C(=O)N([H])c1c([H])c([H])c(C(=O)N([H])c2c([H])c([H])c([H])c(N([H])c3nc([H])c(Cl)c(-c4c([H])n([H])c5c([H])c([H])c([H])c([H])c45)n3)c2[H])c([H])c1[H])C([H])([H])N(C([H])([H])[H])C([H])([H])[H],CN(C)CC([Ti])CC(=O)Nc1ccc(C(=O)Nc2cccc(Nc3ncc(Cl)c(-c4c[nH]c5ccccc45)n3)c2)cc1,CSC(CC(=O)Nc1ccc(C(=O)Nc2cccc(Nc3ncc(Cl)c(-c4c[nH]c5ccccc45)n3)c2)cc1)CN(C)C
2020-10-14,covbinderInPDB,7D9W,[N-]=[N+]=CC(=O)CC[C@H](N)C(=O)O,./data/processed/bonded/7D9W/7D9W_protein.pdb,./data/processed/bonded/7D9W/7D9W_10Apocket.pdb,./data/processed/bonded/7D9W/7D9W_chain_within_10A.pdb,./data/processed/bonded/7D9W/7D9W_ligand.pdb,OG1 THR D 364-C1D DON D 601,1.38,CC(OC(=O)CCC(N)C(=O)O)C(N)C(=O)O,CC(O)C(N)C(=O)O.[N-]=[N+]=CC(=O)CCC(N)C(=O)O,test,[H]OC(=O)[C@@]([H])(N([H])[H])C([H])([H])C([H])([H])C(=O)O[C@]([H])(C([H])([H])[H])[C@@]([H])(C(=O)O[H])N([H])[H],NC(CCC(=O)[Ti])C(=O)O,C[CH]OC(=O)CCC(N)C(=O)O
2020-06-22,covpdb,6XJ3,NC(=O)[C@@H]1CC[C@@H]2CN1C(=O)N2OS(=O)(=O)[O-],./data/processed/bonded/6XJ3/6XJ3_protein.pdb,./data/processed/bonded/6XJ3/6XJ3_10Apocket.pdb,./data/processed/bonded/6XJ3/6XJ3_chain_within_10A.pdb,./data/processed/bonded/6XJ3/6XJ3_ligand.pdb,OG SER D 72-CAN NXL D 301,1.38,NC(=O)C1CCC(NOS(=O)(=O)O)CN1C(=O)OCC(N)C(=O)O,NC(CO)C(=O)O.NC(=O)C1CCC2CN1C(=O)N2OS(=O)(=O)[O-],test,[H]OC(=O)[C@@]([H])(N([H])[H])C([H])([H])OC(=O)N1C([H])([H])[C@]([H])(N([H])OS(=O)(=O)O[H])C([H])([H])C([H])([H])[C@@]1([H])C(=O)N([H])[H],NC(=O)C1CCC(NOS(=O)(=O)O)CN1C(=O)[Ti],COC(=O)N1CC(NOS(=O)(=O)O)CCC1C(N)=O
2020-09-25,covbinderInPDB,7D56,N=C(CCl)NCCC[C@H](NC(=O)c1ccccc1)C(N)=O,./data/processed/bonded/7D56/7D56_protein.pdb,./data/processed/bonded/7D56/7D56_10Apocket.pdb,./data/processed/bonded/7D56/7D56_chain_within_10A.pdb,./data/processed/bonded/7D56/7D56_ligand.pdb,SG CYS A 646-CAP BFB A 701,1.77,N=C(CSCC(N)C(=O)O)NCCCC(NC(=O)c1ccccc1)C(N)=O,NC(CS)C(=O)O.N=C(CCl)NCCCC(NC(=O)c1ccccc1)C(N)=O,test,[H]/N=C(\N([H])C([H])([H])C([H])([H])C([H])([H])[C@@]([H])(C(=O)N([H])[H])N([H])C(=O)c1c([H])c([H])c([H])c([H])c1[H])C([H])([H])SC([H])([H])[C@@]([H])(C(=O)O[H])N([H])[H],N=C(C[Ti])NCCCC(NC(=O)c1ccccc1)C(N)=O,CSCC(=N)NCCCC(NC(=O)c1ccccc1)C(N)=O
2021-08-20,covbinderInPDB,7V6K,COc1ccc(C=CC=C2C(=O)NC(=O)NC2=O)cc1,./data/processed/bonded/7V6K/7V6K_protein.pdb,./data/processed/bonded/7V6K/7V6K_10Apocket.pdb,./data/processed/bonded/7V6K/7V6K_chain_within_10A.pdb,./data/processed/bonded/7V6K/7V6K_ligand.pdb,SG CYS B 208-C5 5TI B 301,1.77,COc1ccc(C=CC(SCC(N)C(=O)O)=C2C(=O)NC(=O)NC2=O)cc1,NC(CS)C(=O)O.COc1ccc(C=CC=C2C(=O)NC(=O)NC2=O)cc1,test,[H]OC(=O)[C@@]([H])(N([H])[H])C([H])([H])SC(=C1C(=O)N([H])C(=O)N([H])C1=O)/C([H])=C(\[H])c1c([H])c([H])c(OC([H])([H])[H])c([H])c1[H],COc1ccc(C=CC([Ti])=C2C(=O)NC(=O)NC2=O)cc1,COc1ccc(C=CC(SC)=C2C(=O)NC(=O)NC2=O)cc1
2021-06-30,covbinderInPDB,7P0Y,CCCCCCCCCCCCCCCCO[P@](=O)(F)CCCC,./data/processed/bonded/7P0Y/7P0Y_protein.pdb,./data/processed/bonded/7P0Y/7P0Y_10Apocket.pdb,./data/processed/bonded/7P0Y/7P0Y_chain_within_10A.pdb,./data/processed/bonded/7P0Y/7P0Y_ligand.pdb,OG SER B 110-P18 4E0 B 301,1.56,CCCCCCCCCCCCCCCCOP(=O)(CCCC)OCC(N)C(=O)O,NC(CO)C(=O)O.CCCCCCCCCCCCCCCCOP(=O)(F)CCCC,test,[H]OC(=O)[C@@]([H])(N([H])[H])C([H])([H])O[P@@](=O)(OC([H])([H])C([H])([H])C([H])([H])C([H])([H])C([H])([H])C([H])([H])C([H])([H])C([H])([H])C([H])([H])C([H])([H])C([H])([H])C([H])([H])C([H])([H])C([H])([H])C([H])([H])C([H])([H])[H])C([H])([H])C([H])([H])C([H])([H])C([H])([H])[H],CCCCCCCCCCCCCCCCOP(=O)([Ti])CCCC,CCCCCCCCCCCCCCCCOP(=O)(CCCC)OC
2020-02-12,covpdb,6VT8,Nc1ncnc2c1ncn2[C@@H]1O[C@H](COP(=O)(O)O)[C@@H](O)[C@H]1O,./data/processed/bonded/6VT8/6VT8_protein.pdb,./data/processed/bonded/6VT8/6VT8_10Apocket.pdb,./data/processed/bonded/6VT8/6VT8_chain_within_10A.pdb,./data/processed/bonded/6VT8/6VT8_ligand.pdb,NZ LYS A 170-P AMP A 401,1.66,Nc1ncnc2c1ncn2C1OC(COP(=O)(O)NCCCCC(N)C(=O)O)C(O)C1O,NCCCCC(N)C(=O)O.Nc1ncnc2c1ncn2C1OC(COP(=O)(O)O)C(O)C1O,test,[H]OC(=O)[C@@]([H])(N([H])[H])C([H])([H])C([H])([H])C([H])([H])C([H])([H])N([H])[P@TB5](=O)(O[H])OC([H])([H])[C@@]1([H])O[C@@]([H])(n2c([H])nc3c(N([H])[H])nc([H])nc32)[C@]([H])(O[H])[C@]1([H])O[H],Nc1ncnc2c1ncn2C1OC(COP(=O)(O)[Ti])C(O)C1O,CCCCNP(=O)(O)OCC1OC(n2cnc3c(N)ncnc32)C(O)C1O
2020-10-13,covbinderInPDB,7D9E,[N-]=[N+]=CC(=O)CC[C@H](N)C(=O)O,./data/processed/bonded/7D9E/7D9E_protein.pdb,./data/processed/bonded/7D9E/7D9E_10Apocket.pdb,./data/processed/bonded/7D9E/7D9E_chain_within_10A.pdb,./data/processed/bonded/7D9E/7D9E_ligand.pdb,OG1 THR B 364-C1D DON B 701,1.38,CC(OC(=O)CCC(N)C(=O)O)C(N)C(=O)O,CC(O)C(N)C(=O)O.[N-]=[N+]=CC(=O)CCC(N)C(=O)O,test,[H]OC(=O)[C@@]([H])(N([H])[H])C([H])([H])C([H])([H])C(=O)O[C@]([H])(C([H])([H])[H])[C@@]([H])(C(=O)O[H])N([H])[H],NC(CCC(=O)[Ti])C(=O)O,C[CH]OC(=O)CCC(N)C(=O)O
2020-01-10,covbinderInPDB,6TVO,CCC(=C/[C@H](C)C/C=C/C(C)=C/[C@@H](C)C(=O)[C@@H](C)[C@H](O)[C@@H](C)C/C(C)=C/C(=O)O)/C=C/[C@@H]1OC(=O)C=C[C@@H]1C,./data/processed/bonded/6TVO/6TVO_protein.pdb,./data/processed/bonded/6TVO/6TVO_10Apocket.pdb,./data/processed/bonded/6TVO/6TVO_chain_within_10A.pdb,./data/processed/bonded/6TVO/6TVO_ligand.pdb,SG CYS A 528-C3 LMB A 1101,1.77,CCC(C=CC(O)C(C)C(CC(=O)O)SCC(N)C(=O)O)=CC(C)CC=CC(C)=CC(C)C(=O)C(C)C(O)C(C)CC(C)=CC(=O)O,NC(CS)C(=O)O.CCC(C=CC1OC(=O)C=CC1C)=CC(C)CC=CC(C)=CC(C)C(=O)C(C)C(O)C(C)CC(C)=CC(=O)O,test,[H]OC(=O)/C([H])=C(\C([H])([H])[H])C([H])([H])[C@]([H])(C([H])([H])[H])[C@@]([H])(O[H])[C@@]([H])(C(=O)[C@@]([H])(/C([H])=C(C(/[H])=C(\[H])C([H])([H])[C@]([H])(/C([H])=C(C(\[H])=C(/[H])[C@]([H])(O[H])[C@@]([H])(C([H])([H])[H])[C@]([H])(SC([H])([H])[C@@]([H])(C(=O)O[H])N([H])[H])C([H])([H])C(=O)O[H])/C([H])([H])C([H])([H])[H])C([H])([H])[H])\C([H])([H])[H])C([H])([H])[H])C([H])([H])[H],CCC(C=CC(O)C(C)C([Ti])CC(=O)O)=CC(C)CC=CC(C)=CC(C)C(=O)C(C)C(O)C(C)CC(C)=CC(=O)O,CCC(C=CC(O)C(C)C(CC(=O)O)SC)=CC(C)CC=CC(C)=CC(C)C(=O)C(C)C(O)C(C)CC(C)=CC(=O)O
2020-11-20,covbinderInPDB,7KRZ,CC(C)C[C@H](NC(=O)[C@H](Cc1ccccc1)NC(=O)c1cnccn1)B(O)O,./data/processed/bonded/7KRZ/7KRZ_protein.pdb,./data/processed/bonded/7KRZ/7KRZ_10Apocket.pdb,./data/processed/bonded/7KRZ/7KRZ_chain_within_10A.pdb,./data/processed/bonded/7KRZ/7KRZ_ligand.pdb,OG SER F 855-B26 BO2 F 1002,1.72,CC(C)CC(NC(=O)C(Cc1ccccc1)NC(=O)c1cnccn1)[B-](O)(O)OCC(N)C(=O)O,NC(CO)C(=O)O.CC(C)CC(NC(=O)C(Cc1ccccc1)NC(=O)c1cnccn1)B(O)O,test,[H]OC(=O)[C@@]([H])(N([H])[H])C([H])([H])O[B-](O[H])(O[H])[C@@]([H])(N([H])C(=O)[C@@]([H])(N([H])C(=O)c1nc([H])c([H])nc1[H])C([H])([H])c1c([H])c([H])c([H])c([H])c1[H])C([H])([H])C([H])(C([H])([H])[H])C([H])([H])[H],CC(C)CC(NC(=O)C(Cc1ccccc1)NC(=O)c1cnccn1)[B-](O)(O)[Ti],CO[B-](O)(O)C(CC(C)C)NC(=O)C(Cc1ccccc1)NC(=O)c1cnccn1
2020-07-21,covpdb,6ZU8,CN(C)C/C=C/C(=O)Nc1cc2c(Nc3ccc(F)c(Cl)c3)ncnc2cc1O[C@H]1CCOC1,./data/processed/bonded/6ZU8/6ZU8_protein.pdb,./data/processed/bonded/6ZU8/6ZU8_10Apocket.pdb,./data/processed/bonded/6ZU8/6ZU8_chain_within_10A.pdb,./data/processed/bonded/6ZU8/6ZU8_ligand.pdb,SG CYS A 122-C30 0WN A 302,1.69,CN(C)CC(CC(=O)Nc1cc2c(Nc3ccc(F)c(Cl)c3)ncnc2cc1OC1CCOC1)SCC(N)C(=O)O,NC(CS)C(=O)O.CN(C)CC=CC(=O)Nc1cc2c(Nc3ccc(F)c(Cl)c3)ncnc2cc1OC1CCOC1,test,[H]OC(=O)[C@@]([H])(N([H])[H])C([H])([H])S[C@@]([H])(C([H])([H])C(=O)N([H])c1c(O[C@]2([H])C([H])([H])OC([H])([H])C2([H])[H])c([H])c2nc([H])nc(N([H])c3c([H])c([H])c(F)c(Cl)c3[H])c2c1[H])C([H])([H])N(C([H])([H])[H])C([H])([H])[H],CN(C)CC([Ti])CC(=O)Nc1cc2c(Nc3ccc(F)c(Cl)c3)ncnc2cc1OC1CCOC1,CSC(CC(=O)Nc1cc2c(Nc3ccc(F)c(Cl)c3)ncnc2cc1OC1CCOC1)CN(C)C
2020-05-12,covbinderInPDB,6WYH,CCCCSC(=S)SC(C)(C)C(=O)NCCN1C(=O)C=CC1=O,./data/processed/bonded/6WYH/6WYH_protein.pdb,./data/processed/bonded/6WYH/6WYH_10Apocket.pdb,./data/processed/bonded/6WYH/6WYH_chain_within_10A.pdb,./data/processed/bonded/6WYH/6WYH_ligand.pdb,SG CYS D 157-C20 RFT D 205,1.82,CN1C(=O)CC(SCC(N)C(=O)O)C1=O,NC(CS)C(=O)O.CCCCSC(=S)SC(C)(C)C(=O)NCCN1C(=O)C=CC1=O,test,[H]OC(=O)[C@@]([H])(N([H])[H])C([H])([H])S[C@@]1([H])C(=O)N(C([H])[H])C(=O)C1([H])[H],CN1C(=O)CC([Ti])C1=O,CSC1CC(=O)N(C)C1=O
2020-03-08,covpdb,6W2Z,NC(=O)[C@@H]1CC[C@@H]2CN1C(=O)N2OS(=O)(=O)[O-],./data/processed/bonded/6W2Z/6W2Z_protein.pdb,./data/processed/bonded/6W2Z/6W2Z_10Apocket.pdb,./data/processed/bonded/6W2Z/6W2Z_chain_within_10A.pdb,./data/processed/bonded/6W2Z/6W2Z_ligand.pdb,OG SER B 89-CAN NXL B 402,1.37,NC(=O)C1CCC(NOS(=O)(=O)O)CN1C(=O)OCC(N)C(=O)O,NC(CO)C(=O)O.NC(=O)C1CCC2CN1C(=O)N2OS(=O)(=O)[O-],test,[H]OC(=O)[C@@]([H])(N([H])[H])C([H])([H])OC(=O)N1C([H])([H])[C@]([H])(N([H])OS(=O)(=O)O[H])C([H])([H])C([H])([H])[C@@]1([H])C(=O)N([H])[H],NC(=O)C1CCC(NOS(=O)(=O)O)CN1C(=O)[Ti],COC(=O)N1CC(NOS(=O)(=O)O)CCC1C(N)=O
2020-12-14,covbinderInPDB,7B9C,CO[C@]1(C)CC2(CO2)[C@H](O)[C@@H](C=CC(C)=CC[C@@H]2O[C@H](C)[C@H](NC(=O)C=C[C@H](C)OC(C)=O)C[C@@H]2C)O1,./data/processed/bonded/7B9C/7B9C_protein.pdb,./data/processed/bonded/7B9C/7B9C_10Apocket.pdb,./data/processed/bonded/7B9C/7B9C_chain_within_10A.pdb,./data/processed/bonded/7B9C/7B9C_ligand.pdb,SG CYS D 26-C23 SJT D 105,1.77,COC1(C)CC(O)(CSCC(N)C(=O)O)C(O)C(C=CC(C)=CCC2OC(C)C(NC(=O)C=CC(C)OC(C)=O)CC2C)O1,NC(CS)C(=O)O.COC1(C)CC2(CO2)C(O)C(C=CC(C)=CCC2OC(C)C(NC(=O)C=CC(C)OC(C)=O)CC2C)O1,test,[H]OC(=O)[C@@]([H])(N([H])[H])C([H])([H])SC([H])([H])[C@]1(O[H])C([H])([H])[C@](OC([H])([H])[H])(C([H])([H])[H])O[C@]([H])(/C([H])=C([H])/C(=C(\[H])C([H])([H])[C@]2([H])O[C@]([H])(C([H])([H])[H])[C@]([H])(N([H])C(=O)/C([H])=C(/[H])[C@@]([H])(OC(=O)C([H])([H])[H])C([H])([H])[H])C([H])([H])[C@]2([H])C([H])([H])[H])C([H])([H])[H])[C@@]1([H])O[H],COC1(C)CC(O)(C[Ti])C(O)C(C=CC(C)=CCC2OC(C)C(NC(=O)C=CC(C)OC(C)=O)CC2C)O1,COC1(C)CC(O)(CSC)C(O)C(C=CC(C)=CCC2OC(C)C(NC(=O)C=CC(C)OC(C)=O)CC2C)O1
2020-06-08,covbinderInPDB,6ZBM,OC[C@H]1O[C@H](OC[C@H]2C[C@H](OC[C@@H]3[C@@H](O)[C@H](O)[C@H](O)[C@H]4O[C@@H]34)[C@@H](O)[C@@H](O)[C@@H]2O)[C@@H](O)[C@@H](O)[C@@H]1O,./data/processed/bonded/6ZBM/6ZBM_protein.pdb,./data/processed/bonded/6ZBM/6ZBM_10Apocket.pdb,./data/processed/bonded/6ZBM/6ZBM_chain_within_10A.pdb,./data/processed/bonded/6ZBM/6ZBM_ligand.pdb,OD2 ASP A 124-C1 QE8 A 403,1.44,NC(CC(=O)OC1C(O)C(O)C(O)C(COC2CC(CO)C(O)C(O)C2O)C1O)C(=O)O,NC(CC(=O)O)C(=O)O.OCC1OC(OCC2CC(OCC3C(O)C(O)C(O)C4OC34)C(O)C(O)C2O)C(O)C(O)C1O,test,[H]OC(=O)[C@@]([H])(N([H])[H])C([H])([H])C(=O)O[C@@]1([H])[C@@]([H])(O[H])[C@@]([H])(O[H])[C@]([H])(O[H])[C@@]([H])(C([H])([H])O[C@@]2([H])C([H])([H])[C@]([H])(C([H])([H])O[H])[C@@]([H])(O[H])[C@]([H])(O[H])[C@]2([H])O[H])[C@]1([H])O[H],OCC1CC(OCC2C(O)C(O)C(O)C([Ti])C2O)C(O)C(O)C1O,CC(=O)OC1C(O)C(O)C(O)C(COC2CC(CO)C(O)C(O)C2O)C1O
2020-10-24,covbinderInPDB,7ARG,COC(=O)CCC(=O)N1CCc2ccccc21,./data/processed/bonded/7ARG/7ARG_protein.pdb,./data/processed/bonded/7ARG/7ARG_10Apocket.pdb,./data/processed/bonded/7ARG/7ARG_chain_within_10A.pdb,./data/processed/bonded/7ARG/7ARG_ligand.pdb,OG SER A 232-C03 RW8 A 514,1.37,NC(COC(=O)CCC(=O)N1CCc2ccccc21)C(=O)O,NC(CO)C(=O)O.COC(=O)CCC(=O)N1CCc2ccccc21,test,[H]OC(=O)[C@@]([H])(N([H])[H])C([H])([H])OC(=O)C([H])([H])C([H])([H])C(=O)N1c2c([H])c([H])c([H])c([H])c2C([H])([H])C1([H])[H],O=C([Ti])CCC(=O)N1CCc2ccccc21,COC(=O)CCC(=O)N1CCc2ccccc21
2020-05-29,covbinderInPDB,7C89,O=C(CBr)c1ccccc1,./data/processed/bonded/7C89/7C89_protein.pdb,./data/processed/bonded/7C89/7C89_10Apocket.pdb,./data/processed/bonded/7C89/7C89_chain_within_10A.pdb,./data/processed/bonded/7C89/7C89_ligand.pdb,SG CYS J 80-C1 FL0 J 302,1.78,NC(CSCC(=O)c1ccccc1)C(=O)O,NC(CS)C(=O)O.O=C(CBr)c1ccccc1,test,[H]OC(=O)[C@@]([H])(N([H])[H])C([H])([H])SC([H])C(=O)c1c([H])c([H])c([H])c([H])c1[H],O=C(C[Ti])c1ccccc1,CSCC(=O)c1ccccc1
2021-05-26,covbinderInPDB,7ONW,CC1(C)[C@H](NC(=O)C(=NO[C@@H](COc2ccc(C(=N)N[C@@H]3CCCNC3)cc2)C(=O)O)c2csc(N)n2)C(=O)N1OS(=O)(=O)O,./data/processed/bonded/7ONW/7ONW_protein.pdb,./data/processed/bonded/7ONW/7ONW_10Apocket.pdb,./data/processed/bonded/7ONW/7ONW_chain_within_10A.pdb,./data/processed/bonded/7ONW/7ONW_ligand.pdb,OG SER A 307-C39 VL5 A 601,1.46,CC(C)(NOS(=O)(=O)O)C(NC(=O)C(=NOC(COc1ccc(C(=N)NC2CCCNC2)cc1)C(=O)O)c1csc(N)n1)C(=O)OCC(N)C(=O)O,NC(CO)C(=O)O.CC1(C)C(NC(=O)C(=NOC(COc2ccc(C(=N)NC3CCCNC3)cc2)C(=O)O)c2csc(N)n2)C(=O)N1OS(=O)(=O)O,test,[H]/N=C(/c1c([H])c([H])c(OC([H])([H])[C@]([H])(O/N=C(\C(=O)N([H])[C@]([H])(C(=O)OC([H])([H])[C@@]([H])(C(=O)O[H])N([H])[H])C(N([H])OS(=O)(=O)O[H])(C([H])([H])[H])C([H])([H])[H])c2nc(N([H])[H])sc2[H])C(=O)O[H])c([H])c1[H])N([H])[C@@]1([H])C([H])([H])N([H])C([H])([H])C([H])([H])C1([H])[H],CC(C)(NOS(=O)(=O)O)C(NC(=O)C(=NOC(COc1ccc(C(=N)NC2CCCNC2)cc1)C(=O)O)c1csc(N)n1)C(=O)[Ti],COC(=O)C(NC(=O)C(=NOC(COc1ccc(C(=N)NC2CCCNC2)cc1)C(=O)O)c1csc(N)n1)C(C)(C)NOS(=O)(=O)O
2020-08-13,covbinderInPDB,7JS7,O=P(O)(O)O[C@@H]1[C@H](O)[C@H](O)[C@@H](O)[C@H](O)[C@H]1O,./data/processed/bonded/7JS7/7JS7_protein.pdb,./data/processed/bonded/7JS7/7JS7_10Apocket.pdb,./data/processed/bonded/7JS7/7JS7_chain_within_10A.pdb,./data/processed/bonded/7JS7/7JS7_ligand.pdb,NE2 HIS B 442-P1 IPD B 603,1.71,NC(Cc1cn([PH]([O-])([O-])OC2C(O)C(O)C(O)C(O)C2O)cn1)C(=O)O,NC(Cc1c[nH]cn1)C(=O)O.O=P(O)(O)OC1C(O)C(O)C(O)C(O)C1O,test,[H]OC(=O)[C@@]([H])(N([H])[H])C([H])([H])c1nc([H])n([PH]([O-])([O-])O[C@@]2([H])[C@]([H])(O[H])[C@@]([H])(O[H])[C@]([H])(O[H])[C@@]([H])(O[H])[C@@]2([H])O[H])c1[H],[O-][PH]([O-])([Ti])OC1C(O)C(O)C(O)C(O)C1O,Cc1cn([PH]([O-])([O-])OC2C(O)C(O)C(O)C(O)C2O)cn1
2020-05-12,covbinderInPDB,6WYG,CCCCSC(=S)SC(C)(C)C(=O)NCCN1C(=O)C=CC1=O,./data/processed/bonded/6WYG/6WYG_protein.pdb,./data/processed/bonded/6WYG/6WYG_10Apocket.pdb,./data/processed/bonded/6WYG/6WYG_chain_within_10A.pdb,./data/processed/bonded/6WYG/6WYG_ligand.pdb,SG CYS D 157-C20 RFT D 206,1.81,CN1C(=O)CC(SCC(N)C(=O)O)C1=O,NC(CS)C(=O)O.CCCCSC(=S)SC(C)(C)C(=O)NCCN1C(=O)C=CC1=O,test,[H]OC(=O)[C@@]([H])(N([H])[H])C([H])([H])S[C@@]1([H])C(=O)N(C([H])[H])C(=O)C1([H])[H],CN1C(=O)CC([Ti])C1=O,CSC1CC(=O)N(C)C1=O
2020-02-10,covpdb,6LX1,C[C@H]1O[C@H](O[C@H]2[C@H](O)[C@@H](O)[C@@H](OC[C@H]3O[C@@H](O)[C@H](O)[C@@H](O)[C@@H]3O)O[C@@H]2CO)[C@H](O)[C@@H](O)[C@@H]1N[C@H]1C=C(CO)[C@@H](O[C@H]2O[C@H](CO)[C@@H](O[C@H]3O[C@H](CO)[C@@H](O)[C@H](O)[C@H]3O)[C@H](O)[C@H]2O)[C@H](O)[C@H]1O,./data/processed/bonded/6LX1/6LX1_protein.pdb,./data/processed/bonded/6LX1/6LX1_10Apocket.pdb,./data/processed/bonded/6LX1/6LX1_chain_within_10A.pdb,./data/processed/bonded/6LX1/6LX1_ligand.pdb,OD2 ASP A 321-C1 ASO B 1,1.45,NC(CC(=O)OC1OC(CO)C(O)C(O)C1O)C(=O)O,NC(CC(=O)O)C(=O)O.CC1OC(OC2C(CO)OC(OCC3OC(O)C(O)C(O)C3O)C(O)C2O)C(O)C(O)C1NC1C=C(CO)C(OC2OC(CO)C(OC3OC(CO)C(O)C(O)C3O)C(O)C2O)C(O)C1O,test,[H]OC(=O)[C@@]([H])(N([H])[H])C([H])([H])C(=O)O[C@@]1([H])O[C@]([H])(C([H])([H])O[H])[C@@]([H])(O[H])[C@]([H])(O[H])[C@@]1([H])O[H],OCC1OC([Ti])C(O)C(O)C1O,CC(=O)OC1OC(CO)C(O)C(O)C1O
2020-10-23,covbinderInPDB,7ARA,CSCC[C@H](NC(=O)[C@H](C)NC(=O)[C@H](NC(=O)OCc1ccccc1)C(C)C)C(=O)CF,./data/processed/bonded/7ARA/7ARA_protein.pdb,./data/processed/bonded/7ARA/7ARA_10Apocket.pdb,./data/processed/bonded/7ARA/7ARA_chain_within_10A.pdb,./data/processed/bonded/7ARA/7ARA_ligand.pdb,SG CYS A 106-C30 S7N A 201,1.73,CSCCC(NC(=O)C(C)NC(=O)C(NC(=O)OCc1ccccc1)C(C)C)C(=O)CSCC(N)C(=O)O,NC(CS)C(=O)O.CSCCC(NC(=O)C(C)NC(=O)C(NC(=O)OCc1ccccc1)C(C)C)C(=O)CF,test,[H]OC(=O)[C@@]([H])(N([H])[H])C([H])([H])SC([H])([H])C(=O)[C@@]([H])(N([H])C(=O)[C@@]([H])(N([H])C(=O)[C@]([H])(N([H])C(=O)OC([H])([H])c1c([H])c([H])c([H])c([H])c1[H])C([H])(C([H])([H])[H])C([H])([H])[H])C([H])([H])[H])C([H])([H])C([H])([H])SC([H])([H])[H],CSCCC(NC(=O)C(C)NC(=O)C(NC(=O)OCc1ccccc1)C(C)C)C(=O)C[Ti],CSCCC(NC(=O)C(C)NC(=O)C(NC(=O)OCc1ccccc1)C(C)C)C(=O)CSC
2020-01-09,covbinderInPDB,6VHD,O=C(N1CCCC[C@H]1c1ccccc1)n1cc(C2(O)CCCCC2)nn1,./data/processed/bonded/6VHD/6VHD_protein.pdb,./data/processed/bonded/6VHD/6VHD_10Apocket.pdb,./data/processed/bonded/6VHD/6VHD_chain_within_10A.pdb,./data/processed/bonded/6VHD/6VHD_ligand.pdb,OG SER D 121-C12 6WG D 301,1.38,NC(COC(=O)N1CCCCC1c1ccccc1)C(=O)O,NC(CO)C(=O)O.O=C(N1CCCCC1c1ccccc1)n1cc(C2(O)CCCCC2)nn1,test,[H]OC(=O)[C@@]([H])(N([H])[H])C([H])([H])OC(=O)N1C([H])([H])C([H])([H])C([H])([H])C([H])([H])[C@]1([H])c1c([H])c([H])c([H])c([H])c1[H],O=C([Ti])N1CCCCC1c1ccccc1,COC(=O)N1CCCCC1c1ccccc1
2021-04-07,covbinderInPDB,7MEQ,N=C(N)Nc1ccc(C(=O)Oc2ccc3cc(C(=N)N)ccc3c2)cc1,./data/processed/bonded/7MEQ/7MEQ_protein.pdb,./data/processed/bonded/7MEQ/7MEQ_10Apocket.pdb,./data/processed/bonded/7MEQ/7MEQ_chain_within_10A.pdb,./data/processed/bonded/7MEQ/7MEQ_ligand.pdb,OG SER A 441-C6 GBS A 601,1.47,N=C(N)Nc1ccc(C(=O)OCC(N)C(=O)O)cc1,NC(CO)C(=O)O.N=C(N)Nc1ccc(C(=O)Oc2ccc3cc(C(=N)N)ccc3c2)cc1,test,[H]/N=C(\N([H])[H])N([H])c1c([H])c([H])c(C(=O)OC([H])([H])[C@@]([H])(C(=O)O[H])N([H])[H])c([H])c1[H],N=C(N)Nc1ccc(C(=O)[Ti])cc1,COC(=O)c1ccc(NC(=N)N)cc1
2020-11-06,covbinderInPDB,7AWE,O=C(N[C@@H](Cc1coc2ccccc12)B(O)O)[C@@H]1C[C@H]2CC[C@@H]1O2,./data/processed/bonded/7AWE/7AWE_protein.pdb,./data/processed/bonded/7AWE/7AWE_10Apocket.pdb,./data/processed/bonded/7AWE/7AWE_chain_within_10A.pdb,./data/processed/bonded/7AWE/7AWE_ligand.pdb,OG1 THR Z 1-B13 S5K Z 901,1.44,CC(O[B-](O)(O)C(Cc1coc2ccccc12)NC(=O)C1CC2CCC1O2)C(N)C(=O)O,CC(O)C(N)C(=O)O.O=C(NC(Cc1coc2ccccc12)B(O)O)C1CC2CCC1O2,test,[H]OC(=O)[C@@]([H])(N([H])[H])[C@]([H])(O[B-](O[H])(O[H])[C@@]([H])(N([H])C(=O)[C@]1([H])C([H])([H])[C@]2([H])O[C@@]1([H])C([H])([H])C2([H])[H])C([H])([H])c1c([H])oc2c([H])c([H])c([H])c([H])c12)C([H])([H])[H],O=C(NC(Cc1coc2ccccc12)[B-](O)(O)[Ti])C1CC2CCC1O2,C[CH]O[B-](O)(O)C(Cc1coc2ccccc12)NC(=O)C1CC2CCC1O2
2020-03-31,covbinderInPDB,6WCX,CCCCCCC(=O)Oc1ccc2c(C)cc(=O)oc2c1,./data/processed/bonded/6WCX/6WCX_protein.pdb,./data/processed/bonded/6WCX/6WCX_10Apocket.pdb,./data/processed/bonded/6WCX/6WCX_chain_within_10A.pdb,./data/processed/bonded/6WCX/6WCX_ligand.pdb,OG SER D 121-CAD HE4 D 301,1.38,CCCCCCC(O)OCC(N)C(=O)O,NC(CO)C(=O)O.CCCCCCC(=O)Oc1ccc2c(C)cc(=O)oc2c1,test,[H]OC(=O)[C@@]([H])(N([H])[H])C([H])([H])O[C@]([H])(O[H])C([H])([H])C([H])([H])C([H])([H])C([H])([H])C([H])([H])C([H])([H])[H],CCCCCCC(O)[Ti],CCCCCCC(O)OC
2020-11-28,covbinderInPDB,7B2Y,O=C(CCC(=O)N1CCc2ccccc21)OCC(F)F,./data/processed/bonded/7B2Y/7B2Y_protein.pdb,./data/processed/bonded/7B2Y/7B2Y_10Apocket.pdb,./data/processed/bonded/7B2Y/7B2Y_chain_within_10A.pdb,./data/processed/bonded/7B2Y/7B2Y_ligand.pdb,OG SER A 232-C04 SRQ A 506,1.37,NC(COC(=O)CCC(=O)N1CCc2ccccc21)C(=O)O,NC(CO)C(=O)O.O=C(CCC(=O)N1CCc2ccccc21)OCC(F)F,test,[H]OC(=O)[C@@]([H])(N([H])[H])C([H])([H])OC(=O)C([H])([H])C([H])([H])C(=O)N1c2c([H])c([H])c([H])c([H])c2C([H])([H])C1([H])[H],O=C([Ti])CCC(=O)N1CCc2ccccc21,COC(=O)CCC(=O)N1CCc2ccccc21
2021-01-11,covbinderInPDB,7DUQ,CC(C)(C)Nc1nc2cc(Cl)c(Cl)cc2nc1S(C)(=O)=O,./data/processed/bonded/7DUQ/7DUQ_protein.pdb,./data/processed/bonded/7DUQ/7DUQ_10Apocket.pdb,./data/processed/bonded/7DUQ/7DUQ_chain_within_10A.pdb,./data/processed/bonded/7DUQ/7DUQ_ligand.pdb,SG CYS R 347-C12 HNO R 501,1.77,CC(C)(C)Nc1nc2cc(Cl)c(Cl)cc2nc1SCC(N)C(=O)O,NC(CS)C(=O)O.CC(C)(C)Nc1nc2cc(Cl)c(Cl)cc2nc1S(C)(=O)=O,test,[H]OC(=O)[C@@]([H])(N([H])[H])C([H])([H])Sc1nc2c([H])c(Cl)c(Cl)c([H])c2nc1N([H])C(C([H])([H])[H])(C([H])([H])[H])C([H])([H])[H],CC(C)(C)Nc1nc2cc(Cl)c(Cl)cc2nc1[Ti],CSc1nc2cc(Cl)c(Cl)cc2nc1NC(C)(C)C
2021-05-25,covbinderInPDB,7ONB,CO[C@]1(C)CC2(CO2)[C@H](O)[C@@H](C=CC(C)=CC[C@@H]2O[C@H](C)[C@H](NC(=O)C=C[C@H](C)OC(C)=O)C[C@@H]2C)O1,./data/processed/bonded/7ONB/7ONB_protein.pdb,./data/processed/bonded/7ONB/7ONB_10Apocket.pdb,./data/processed/bonded/7ONB/7ONB_chain_within_10A.pdb,./data/processed/bonded/7ONB/7ONB_ligand.pdb,SG CYS D 26-C23 SJT D 1401,1.77,COC1(C)CC(O)(CSCC(N)C(=O)O)C(O)C(C=CC(C)=CCC2OC(C)C(NC(=O)C=CC(C)OC(C)=O)CC2C)O1,NC(CS)C(=O)O.COC1(C)CC2(CO2)C(O)C(C=CC(C)=CCC2OC(C)C(NC(=O)C=CC(C)OC(C)=O)CC2C)O1,test,[H]OC(=O)[C@@]([H])(N([H])[H])C([H])([H])SC([H])([H])[C@]1(O[H])C([H])([H])[C@](OC([H])([H])[H])(C([H])([H])[H])O[C@]([H])(/C([H])=C([H])/C(=C(\[H])C([H])([H])[C@]2([H])O[C@]([H])(C([H])([H])[H])[C@]([H])(N([H])C(=O)/C([H])=C(/[H])[C@@]([H])(OC(=O)C([H])([H])[H])C([H])([H])[H])C([H])([H])[C@]2([H])C([H])([H])[H])C([H])([H])[H])[C@@]1([H])O[H],COC1(C)CC(O)(C[Ti])C(O)C(C=CC(C)=CCC2OC(C)C(NC(=O)C=CC(C)OC(C)=O)CC2C)O1,COC1(C)CC(O)(CSC)C(O)C(C=CC(C)=CCC2OC(C)C(NC(=O)C=CC(C)OC(C)=O)CC2C)O1
2020-02-12,covpdb,6VT1,Nc1ncnc2c1ncn2[C@@H]1O[C@H](COP(=O)(O)O)[C@@H](O)[C@H]1O,./data/processed/bonded/6VT1/6VT1_protein.pdb,./data/processed/bonded/6VT1/6VT1_10Apocket.pdb,./data/processed/bonded/6VT1/6VT1_chain_within_10A.pdb,./data/processed/bonded/6VT1/6VT1_ligand.pdb,NZ LYS D 170-P AMP D 401,1.66,Nc1ncnc2c1ncn2C1OC(COP(=O)(O)NCCCCC(N)C(=O)O)C(O)C1O,NCCCCC(N)C(=O)O.Nc1ncnc2c1ncn2C1OC(COP(=O)(O)O)C(O)C1O,test,[H]OC(=O)[C@@]([H])(N([H])[H])C([H])([H])C([H])([H])C([H])([H])C([H])([H])N([H])[P@TB5](=O)(O[H])OC([H])([H])[C@@]1([H])O[C@@]([H])(n2c([H])nc3c(N([H])[H])nc([H])nc32)[C@]([H])(O[H])[C@]1([H])O[H],Nc1ncnc2c1ncn2C1OC(COP(=O)(O)[Ti])C(O)C1O,CCCCNP(=O)(O)OCC1OC(n2cnc3c(N)ncnc32)C(O)C1O
2020-06-16,covbinderInPDB,7CC2,CN(C)C(=O)c1cncc(-c2cnc3[nH]cc(-c4ccc(B(O)O)c(C=O)c4)c3c2)c1,./data/processed/bonded/7CC2/7CC2_protein.pdb,./data/processed/bonded/7CC2/7CC2_10Apocket.pdb,./data/processed/bonded/7CC2/7CC2_chain_within_10A.pdb,./data/processed/bonded/7CC2/7CC2_ligand.pdb,NZ LYS B 271-C21 FVC B 601,1.26,CN(C)C(=O)c1cncc(-c2cnc3[nH]cc(-c4ccc(B(O)O)c(CNCCCCC(N)C(=O)O)c4)c3c2)c1,NCCCCC(N)C(=O)O.CN(C)C(=O)c1cncc(-c2cnc3[nH]cc(-c4ccc(B(O)O)c(C=O)c4)c3c2)c1,test,[H]OB(O[H])c1c([H])c([H])c(-c2c([H])n([H])c3nc([H])c(-c4c([H])nc([H])c(C(=O)N(C([H])([H])[H])C([H])([H])[H])c4[H])c([H])c23)c([H])c1C([H])([H])N([H])C([H])([H])C([H])([H])C([H])([H])C([H])([H])[C@@]([H])(C(=O)O[H])N([H])[H],CN(C)C(=O)c1cncc(-c2cnc3[nH]cc(-c4ccc(B(O)O)c(C[Ti])c4)c3c2)c1,CCCCNCc1cc(-c2c[nH]c3ncc(-c4cncc(C(=O)N(C)C)c4)cc23)ccc1B(O)O
2021-05-21,covbinderInPDB,7OMF,CNC(=O)O[C@@H](C)C=CC(=O)N[C@H]1CC[C@@H](CC=C(C)C=C[C@@H]2CC3(CO3)CC(C)(C)O2)CC1,./data/processed/bonded/7OMF/7OMF_protein.pdb,./data/processed/bonded/7OMF/7OMF_10Apocket.pdb,./data/processed/bonded/7OMF/7OMF_chain_within_10A.pdb,./data/processed/bonded/7OMF/7OMF_ligand.pdb,SG CYS D 26-C2 T2W D 104,1.77,CNC(=O)OC(C)C=CC(=O)NC1CCC(CC=C(C)C=CC2CC(O)(CSCC(N)C(=O)O)CC(C)(C)O2)CC1,NC(CS)C(=O)O.CNC(=O)OC(C)C=CC(=O)NC1CCC(CC=C(C)C=CC2CC3(CO3)CC(C)(C)O2)CC1,test,[H]OC(=O)[C@@]([H])(N([H])[H])C([H])([H])SC([H])([H])C1(O[H])C([H])([H])C([H])(C([H])=C([H])C(=C([H])C([H])([H])C2([H])C([H])([H])C([H])([H])C([H])(N([H])C(=O)C([H])=C([H])C([H])(OC(=O)N([H])C([H])([H])[H])C([H])([H])[H])C([H])([H])C2([H])[H])C([H])([H])[H])OC(C([H])([H])[H])(C([H])([H])[H])C1([H])[H],CNC(=O)OC(C)C=CC(=O)NC1CCC(CC=C(C)C=CC2CC(O)(C[Ti])CC(C)(C)O2)CC1,CNC(=O)OC(C)C=CC(=O)NC1CCC(CC=C(C)C=CC2CC(O)(CSC)CC(C)(C)O2)CC1
2020-08-03,covbinderInPDB,6ZZ1,COCCOCn1c(S(C)(=O)=O)nc2c1c(=O)n(C)c(=O)n2C,./data/processed/bonded/6ZZ1/6ZZ1_protein.pdb,./data/processed/bonded/6ZZ1/6ZZ1_10Apocket.pdb,./data/processed/bonded/6ZZ1/6ZZ1_chain_within_10A.pdb,./data/processed/bonded/6ZZ1/6ZZ1_ligand.pdb,SG CYS B 86-C7 QOK B 201,1.74,COCCOCn1c(SCC(N)C(=O)O)nc2c1c(=O)n(C)c(=O)n2C,NC(CS)C(=O)O.COCCOCn1c(S(C)(=O)=O)nc2c1c(=O)n(C)c(=O)n2C,test,[H]OC(=O)[C@@]([H])(N([H])[H])C([H])([H])Sc1nc2c(c(=O)n(C([H])([H])[H])c(=O)n2C([H])([H])[H])n1C([H])([H])OC([H])([H])C([H])([H])OC([H])([H])[H],COCCOCn1c([Ti])nc2c1c(=O)n(C)c(=O)n2C,COCCOCn1c(SC)nc2c1c(=O)n(C)c(=O)n2C
2020-06-09,covbinderInPDB,6ZBW,OC[C@H]1O[C@H](OC[C@H]2O[C@H](OC[C@@H]3[C@@H](O)[C@H](O)[C@H](O)[C@H]4O[C@@H]34)[C@@H](O)[C@@H](O)[C@@H]2O)[C@@H](O)[C@@H](O)[C@@H]1O,./data/processed/bonded/6ZBW/6ZBW_protein.pdb,./data/processed/bonded/6ZBW/6ZBW_10Apocket.pdb,./data/processed/bonded/6ZBW/6ZBW_chain_within_10A.pdb,./data/processed/bonded/6ZBW/6ZBW_ligand.pdb,OD2 ASP B 124-C1' PBW B 403,1.45,NC(CC(=O)OC1C(O)C(O)C(O)C(CO)C1O)C(=O)O,NC(CC(=O)O)C(=O)O.OCC1OC(OCC2OC(OCC3C(O)C(O)C(O)C4OC34)C(O)C(O)C2O)C(O)C(O)C1O,test,[H]OC(=O)[C@@]([H])(N([H])[H])C([H])([H])C(=O)O[C@@H]1[C@]([H])(O[H])[C@@]([H])(O[H])[C@]([H])(O[H])[C@@]([H])(C([H])([H])O[H])[C@]1([H])O[H],OCC1C(O)C(O)C(O)C([Ti])C1O,CC(=O)OC1C(O)C(O)C(O)C(CO)C1O
2020-05-14,covbinderInPDB,6WZV,CC(C)C[C@H](NC(=O)[C@@H](Cc1ccccc1)NC(=O)c1cnccn1)B(O)O,./data/processed/bonded/6WZV/6WZV_protein.pdb,./data/processed/bonded/6WZV/6WZV_10Apocket.pdb,./data/processed/bonded/6WZV/6WZV_chain_within_10A.pdb,./data/processed/bonded/6WZV/6WZV_ligand.pdb,OG SER B 855-B14 UFY B 1001,1.46,CC(C)CC(NC(=O)C(Cc1ccccc1)NC(=O)c1cnccn1)[B-](O)(O)OCC(N)C(=O)O,NC(CO)C(=O)O.CC(C)CC(NC(=O)C(Cc1ccccc1)NC(=O)c1cnccn1)B(O)O,test,[H]OC(=O)[C@@]([H])(N([H])[H])C([H])([H])O[B-](O[H])(O[H])[C@@]([H])(N([H])C(=O)[C@]([H])(N([H])C(=O)c1nc([H])c([H])nc1[H])C([H])([H])c1c([H])c([H])c([H])c([H])c1[H])C([H])([H])C([H])(C([H])([H])[H])C([H])([H])[H],CC(C)CC(NC(=O)C(Cc1ccccc1)NC(=O)c1cnccn1)[B-](O)(O)[Ti],CO[B-](O)(O)C(CC(C)C)NC(=O)C(Cc1ccccc1)NC(=O)c1cnccn1
2020-04-28,covbinderInPDB,7BZL,OC[C@H]1[C@H](O)[C@@H](O)[C@H]2O[C@@H]12,./data/processed/bonded/7BZL/7BZL_protein.pdb,./data/processed/bonded/7BZL/7BZL_10Apocket.pdb,./data/processed/bonded/7BZL/7BZL_chain_within_10A.pdb,./data/processed/bonded/7BZL/7BZL_ligand.pdb,SG CYS A 417-C5 FE0 A 702,1.82,NC(CSC1C(O)C(O)C(CO)C1O)C(=O)O,NC(CS)C(=O)O.OCC1C(O)C(O)C2OC12,test,[H]OC(=O)[C@@]([H])(N([H])[H])C([H])([H])S[C@@]1([H])[C@]([H])(O[H])[C@@]([H])(O[H])[C@]([H])(C([H])([H])O[H])[C@]1([H])O[H],OCC1C(O)C(O)C([Ti])C1O,CSC1C(O)C(O)C(CO)C1O
2020-11-28,covbinderInPDB,7B2Z,CC(C)OC(=O)CCC(=O)N1CCc2ccccc21,./data/processed/bonded/7B2Z/7B2Z_protein.pdb,./data/processed/bonded/7B2Z/7B2Z_10Apocket.pdb,./data/processed/bonded/7B2Z/7B2Z_chain_within_10A.pdb,./data/processed/bonded/7B2Z/7B2Z_ligand.pdb,OG SER A 232-C04 SQW A 504,1.37,NC(COC(=O)CCC(=O)n1ccc2ccccc21)C(=O)O,NC(CO)C(=O)O.CC(C)OC(=O)CCC(=O)N1CCc2ccccc21,test,[H]OC(=O)[C@@]([H])(N([H])[H])C([H])([H])OC(=O)C([H])([H])C([H])([H])C(=O)n1c([H])c([H])c2c([H])c([H])c([H])c([H])c21,O=C([Ti])CCC(=O)n1ccc2ccccc21,COC(=O)CCC(=O)n1ccc2ccccc21
2021-01-05,covbinderInPDB,7L9X,C=CC(=O)Nc1cccc(Nc2nc3c(-c4ccccc4)cccn3n2)c1,./data/processed/bonded/7L9X/7L9X_protein.pdb,./data/processed/bonded/7L9X/7L9X_10Apocket.pdb,./data/processed/bonded/7L9X/7L9X_chain_within_10A.pdb,./data/processed/bonded/7L9X/7L9X_ligand.pdb,SG CYS A 135-C01 XQV A 501,1.3,NC(CSCCC(=O)Nc1cccc(Nc2nc3c(-c4ccccc4)cccn3n2)c1)C(=O)O,NC(CS)C(=O)O.C=CC(=O)Nc1cccc(Nc2nc3c(-c4ccccc4)cccn3n2)c1,test,[H]OC(=O)[C@@]([H])(N([H])[H])C([H])([H])SC([H])([H])C([H])([H])C(=O)N([H])c1c([H])c([H])c([H])c(N([H])c2nc3c(-c4c([H])c([H])c([H])c([H])c4[H])c([H])c([H])c([H])n3n2)c1[H],O=C(CC[Ti])Nc1cccc(Nc2nc3c(-c4ccccc4)cccn3n2)c1,CSCCC(=O)Nc1cccc(Nc2nc3c(-c4ccccc4)cccn3n2)c1
2020-10-18,covbinderInPDB,7KGN,C[C@@H](O)[C@@H]1C(=O)N2C(C(=O)O)=C(S[C@@H]3CN[C@H](C(=O)Nc4cccc(C(=O)O)c4)C3)[C@H](C)[C@H]12,./data/processed/bonded/7KGN/7KGN_protein.pdb,./data/processed/bonded/7KGN/7KGN_10Apocket.pdb,./data/processed/bonded/7KGN/7KGN_chain_within_10A.pdb,./data/processed/bonded/7KGN/7KGN_ligand.pdb,SG CYS A 526-CAA 1RG A 901,1.81,CC(O)C(C(=O)SCC(N)C(=O)O)C1NC(C(=O)O)=C(SC2CNC(C(=O)Nc3cccc(C(=O)O)c3)C2)C1C,NC(CS)C(=O)O.CC(O)C1C(=O)N2C(C(=O)O)=C(SC3CNC(C(=O)Nc4cccc(C(=O)O)c4)C3)C(C)C12,test,[H]OC(=O)C1=C(S[C@]2([H])C([H])([H])N([H])[C@]([H])(C(=O)N([H])c3c([H])c([H])c([H])c(C(=O)O[H])c3[H])C2([H])[H])[C@]([H])(C([H])([H])[H])[C@]([H])([C@]([H])(C(=O)SC([H])([H])[C@@]([H])(C(=O)O[H])N([H])[H])[C@]([H])(O[H])C([H])([H])[H])N1[H],CC(O)C(C(=O)[Ti])C1NC(C(=O)O)=C(SC2CNC(C(=O)Nc3cccc(C(=O)O)c3)C2)C1C,CSC(=O)C(C(C)O)C1NC(C(=O)O)=C(SC2CNC(C(=O)Nc3cccc(C(=O)O)c3)C2)C1C
2021-04-10,covbinderInPDB,7ELG,CN(C)C=C1C(=O)CC(c2cccs2)CC1=O,./data/processed/bonded/7ELG/7ELG_protein.pdb,./data/processed/bonded/7ELG/7ELG_10Apocket.pdb,./data/processed/bonded/7ELG/7ELG_chain_within_10A.pdb,./data/processed/bonded/7ELG/7ELG_ligand.pdb,NZ LYS A 53-CAA 8Z6 A 201,1.39,NC(CCCCNC=C1C(=O)CC(c2cccs2)CC1=O)C(=O)O,NCCCCC(N)C(=O)O.CN(C)C=C1C(=O)CC(c2cccs2)CC1=O,test,[H]OC(=O)[C@@]([H])(N([H])[H])C([H])([H])C([H])([H])C([H])([H])C([H])([H])N([H])C([H])=C1C(=O)C([H])([H])C([H])(c2sc([H])c([H])c2[H])C([H])([H])C1=O,O=C1CC(c2cccs2)CC(=O)C1=C[Ti],CCCCNC=C1C(=O)CC(c2cccs2)CC1=O
2020-10-24,covbinderInPDB,7KIS,O=C(NNC(=O)[C@@H]1CC[C@@H]2CN1C(=O)N2OS(=O)(=O)O)[C@@H]1CCNC1,./data/processed/bonded/7KIS/7KIS_protein.pdb,./data/processed/bonded/7KIS/7KIS_10Apocket.pdb,./data/processed/bonded/7KIS/7KIS_chain_within_10A.pdb,./data/processed/bonded/7KIS/7KIS_ligand.pdb,OG SER B 327-CAG C9D B 701,1.37,NC(COC(=O)N1CC(NOS(=O)(=O)O)CCC1C(=O)NNC(=O)C1CCNC1)C(=O)O,NC(CO)C(=O)O.O=C(NNC(=O)C1CCC2CN1C(=O)N2OS(=O)(=O)O)C1CCNC1,test,[H]OC(=O)[C@@]([H])(N([H])[H])C([H])([H])OC(=O)N1C([H])([H])[C@]([H])(N([H])OS(=O)(=O)O[H])C([H])([H])C([H])([H])[C@@]1([H])C(=O)N([H])N([H])C(=O)[C@@]1([H])C([H])([H])N([H])C([H])([H])C1([H])[H],O=C(NNC(=O)C1CCC(NOS(=O)(=O)O)CN1C(=O)[Ti])C1CCNC1,COC(=O)N1CC(NOS(=O)(=O)O)CCC1C(=O)NNC(=O)C1CCNC1
2021-01-11,covbinderInPDB,7DUR,CC(C)(C)Nc1nc2cc(Cl)c(Cl)cc2nc1S(C)(=O)=O,./data/processed/bonded/7DUR/7DUR_protein.pdb,./data/processed/bonded/7DUR/7DUR_10Apocket.pdb,./data/processed/bonded/7DUR/7DUR_chain_within_10A.pdb,./data/processed/bonded/7DUR/7DUR_ligand.pdb,SG CYS R 347-C12 HNO R 701,1.77,CC(C)(C)Nc1nc2cc(Cl)c(Cl)cc2nc1SCC(N)C(=O)O,NC(CS)C(=O)O.CC(C)(C)Nc1nc2cc(Cl)c(Cl)cc2nc1S(C)(=O)=O,test,[H]OC(=O)[C@@]([H])(N([H])[H])C([H])([H])Sc1nc2c([H])c(Cl)c(Cl)c([H])c2nc1N([H])C(C([H])([H])[H])(C([H])([H])[H])C([H])([H])[H],CC(C)(C)Nc1nc2cc(Cl)c(Cl)cc2nc1[Ti],CSc1nc2cc(Cl)c(Cl)cc2nc1NC(C)(C)C
2020-05-26,covbinderInPDB,7C7K,O=C[C@H](O)COP(=O)(O)O,./data/processed/bonded/7C7K/7C7K_protein.pdb,./data/processed/bonded/7C7K/7C7K_10Apocket.pdb,./data/processed/bonded/7C7K/7C7K_chain_within_10A.pdb,./data/processed/bonded/7C7K/7C7K_ligand.pdb,SG CYS R 150-C1 G3H R 401,1.73,NC(CSC(=O)C(O)COP(=O)(O)O)C(=O)O,NC(CS)C(=O)O.O=CC(O)COP(=O)(O)O,test,[H]OC(=O)[C@@]([H])(N([H])[H])C([H])([H])SC(=O)[C@]([H])(O[H])C([H])([H])OP(=O)(O[H])O[H],O=C([Ti])C(O)COP(=O)(O)O,CSC(=O)C(O)COP(=O)(O)O
2021-05-21,covbinderInPDB,7EVM,CC(C)(C)Nc1nc2cc(Cl)c(Cl)cc2nc1S(C)(=O)=O,./data/processed/bonded/7EVM/7EVM_protein.pdb,./data/processed/bonded/7EVM/7EVM_10Apocket.pdb,./data/processed/bonded/7EVM/7EVM_chain_within_10A.pdb,./data/processed/bonded/7EVM/7EVM_ligand.pdb,SG CYS R 347-C12 HNO R 501,1.77,CC(C)(C)Nc1nc2cc(Cl)c(Cl)cc2nc1SCC(N)C(=O)O,NC(CS)C(=O)O.CC(C)(C)Nc1nc2cc(Cl)c(Cl)cc2nc1S(C)(=O)=O,test,[H]OC(=O)[C@@]([H])(N([H])[H])C([H])([H])Sc1nc2c([H])c(Cl)c(Cl)c([H])c2nc1N([H])C(C([H])([H])[H])(C([H])([H])[H])C([H])([H])[H],CC(C)(C)Nc1nc2cc(Cl)c(Cl)cc2nc1[Ti],CSc1nc2cc(Cl)c(Cl)cc2nc1NC(C)(C)C
2020-12-21,covbinderInPDB,7DPT,[N-]=[N+]=CC(=O)CC[C@H](N)C(=O)O,./data/processed/bonded/7DPT/7DPT_protein.pdb,./data/processed/bonded/7DPT/7DPT_10Apocket.pdb,./data/processed/bonded/7DPT/7DPT_chain_within_10A.pdb,./data/processed/bonded/7DPT/7DPT_ligand.pdb,SG CYS D 399-C1C DON D 702,1.77,NC(CCC(=O)CSCC(N)C(=O)O)C(=O)O,NC(CS)C(=O)O.[N-]=[N+]=CC(=O)CCC(N)C(=O)O,test,[H]OC(=O)[C@@]([H])(N([H])[H])C([H])([H])SC([H])C(=O)C([H])([H])C([H])([H])[C@@]([H])(C(=O)O[H])N([H])[H],NC(CCC(=O)C[Ti])C(=O)O,CSCC(=O)CCC(N)C(=O)O
2020-05-19,covbinderInPDB,6X1M,CCC[C@@H](NC(=O)c1cnccn1)C(=O)N[C@@H](CCCc1ccccc1)B(O)O,./data/processed/bonded/6X1M/6X1M_protein.pdb,./data/processed/bonded/6X1M/6X1M_10Apocket.pdb,./data/processed/bonded/6X1M/6X1M_chain_within_10A.pdb,./data/processed/bonded/6X1M/6X1M_ligand.pdb,OG SER B 855-B9 UKS B 1001,1.49,CCCC(NC(=O)c1cnccn1)C(=O)NC(CCCc1ccccc1)[B-](O)(O)OCC(N)C(=O)O,NC(CO)C(=O)O.CCCC(NC(=O)c1cnccn1)C(=O)NC(CCCc1ccccc1)B(O)O,test,[H]OC(=O)[C@@]([H])(N([H])[H])C([H])([H])O[B-](O[H])(O[H])[C@@]([H])(N([H])C(=O)[C@]([H])(N([H])C(=O)c1nc([H])c([H])nc1[H])C([H])([H])C([H])([H])C([H])([H])[H])C([H])([H])C([H])([H])C([H])([H])c1c([H])c([H])c([H])c([H])c1[H],CCCC(NC(=O)c1cnccn1)C(=O)NC(CCCc1ccccc1)[B-](O)(O)[Ti],CCCC(NC(=O)c1cnccn1)C(=O)NC(CCCc1ccccc1)[B-](O)(O)OC
2020-01-09,covbinderInPDB,6VHE,O=C(N1CCCC[C@H]1c1ccccc1)n1ncc(C2(O)CCCCC2)n1,./data/processed/bonded/6VHE/6VHE_protein.pdb,./data/processed/bonded/6VHE/6VHE_10Apocket.pdb,./data/processed/bonded/6VHE/6VHE_chain_within_10A.pdb,./data/processed/bonded/6VHE/6VHE_ligand.pdb,OG SER D 121-C12 6WG D 301,1.38,NC(COC(=O)N1CCCCC1c1ccccc1)C(=O)O,NC(CO)C(=O)O.O=C(N1CCCCC1c1ccccc1)n1ncc(C2(O)CCCCC2)n1,test,[H]OC(=O)[C@@]([H])(N([H])[H])C([H])([H])OC(=O)N1C([H])([H])C([H])([H])C([H])([H])C([H])([H])[C@]1([H])c1c([H])c([H])c([H])c([H])c1[H],O=C([Ti])N1CCCCC1c1ccccc1,COC(=O)N1CCCCC1c1ccccc1
2020-11-28,covbinderInPDB,7B2V,CCOC(=O)CCC(=O)N1CCc2ccccc21,./data/processed/bonded/7B2V/7B2V_protein.pdb,./data/processed/bonded/7B2V/7B2V_10Apocket.pdb,./data/processed/bonded/7B2V/7B2V_chain_within_10A.pdb,./data/processed/bonded/7B2V/7B2V_ligand.pdb,OG SER A 232-C04 SRH A 505,1.38,NC(COC(=O)CCC(=O)N1CCc2ccccc21)C(=O)O,NC(CO)C(=O)O.CCOC(=O)CCC(=O)N1CCc2ccccc21,test,[H]OC(=O)[C@@]([H])(N([H])[H])C([H])([H])OC(=O)C([H])([H])C([H])([H])C(=O)N1c2c([H])c([H])c([H])c([H])c2C([H])([H])C1([H])[H],O=C([Ti])CCC(=O)N1CCc2ccccc21,COC(=O)CCC(=O)N1CCc2ccccc21
2020-07-28,covbinderInPDB,7CMM,C=CC(=O)Nc1ccc(C)c(Oc2ccc(Cl)cc2)c1,./data/processed/bonded/7CMM/7CMM_protein.pdb,./data/processed/bonded/7CMM/7CMM_10Apocket.pdb,./data/processed/bonded/7CMM/7CMM_chain_within_10A.pdb,./data/processed/bonded/7CMM/7CMM_ligand.pdb,SG CYS D 359-C10 KK9 D 501,1.76,Cc1ccc(NC(=O)CCSCC(N)C(=O)O)cc1Oc1ccc(Cl)cc1,NC(CS)C(=O)O.C=CC(=O)Nc1ccc(C)c(Oc2ccc(Cl)cc2)c1,test,[H]OC(=O)[C@@]([H])(N([H])[H])C([H])([H])SC([H])([H])C([H])([H])C(=O)N([H])c1c([H])c([H])c(C([H])([H])[H])c(Oc2c([H])c([H])c(Cl)c([H])c2[H])c1[H],Cc1ccc(NC(=O)CC[Ti])cc1Oc1ccc(Cl)cc1,CSCCC(=O)Nc1ccc(C)c(Oc2ccc(Cl)cc2)c1
2021-06-01,covbinderInPDB,7N3K,C=C1C(=O)[C@]23[C@H](O)[C@H]1CC[C@H]2[C@@]12CO[C@]3(O)[C@@H](O)[C@@H]1C(C)(C)CC[C@@H]2O,./data/processed/bonded/7N3K/7N3K_protein.pdb,./data/processed/bonded/7N3K/7N3K_10Apocket.pdb,./data/processed/bonded/7N3K/7N3K_chain_within_10A.pdb,./data/processed/bonded/7N3K/7N3K_ligand.pdb,SG CYS H 73-C14 ODN H 201,1.77,CC1(C)CCC(O)C23COC(O)(C(O)C12)C12C(=O)C(CSCC(N)C(=O)O)C(CCC31)C2O,NC(CS)C(=O)O.C=C1C(=O)C23C(O)C1CCC2C12COC3(O)C(O)C1C(C)(C)CCC2O,test,[H]OC(=O)[C@@]([H])(N([H])[H])C([H])([H])SC([H])([H])[C@@]1([H])C(=O)[C@]23[C@]([H])(O[H])[C@@]1([H])C([H])([H])C([H])([H])[C@@]2([H])[C@@]12C([H])([H])O[C@]3(O[H])[C@@]([H])(O[H])[C@]1([H])C(C([H])([H])[H])(C([H])([H])[H])C([H])([H])C([H])([H])[C@]2([H])O[H],CC1(C)CCC(O)C23COC(O)(C(O)C12)C12C(=O)C(C[Ti])C(CCC31)C2O,CSCC1C(=O)C23C(O)C1CCC2C12COC3(O)C(O)C1C(C)(C)CCC2O
2020-11-19,covbinderInPDB,7DIF,OC[C@H]1[C@H](O)[C@@H](O)[C@H]2O[C@@H]12,./data/processed/bonded/7DIF/7DIF_protein.pdb,./data/processed/bonded/7DIF/7DIF_10Apocket.pdb,./data/processed/bonded/7DIF/7DIF_chain_within_10A.pdb,./data/processed/bonded/7DIF/7DIF_ligand.pdb,SG CYS A 417-C5 FE0 A 702,1.85,NC(CSC1C(O)C(O)C(CO)C1O)C(=O)O,NC(CS)C(=O)O.OCC1C(O)C(O)C2OC12,test,[H]OC(=O)[C@@]([H])(N([H])[H])C([H])([H])S[C@@]1([H])[C@]([H])(O[H])[C@@]([H])(O[H])[C@]([H])(C([H])([H])O[H])[C@]1([H])O[H],OCC1C(O)C(O)C([Ti])C1O,CSC1C(O)C(O)C(CO)C1O
2020-05-27,covbinderInPDB,6X6C,CC(C)[C@H](N)C(=O)N1CCC[C@H]1B(O)O,./data/processed/bonded/6X6C/6X6C_protein.pdb,./data/processed/bonded/6X6C/6X6C_10Apocket.pdb,./data/processed/bonded/6X6C/6X6C_chain_within_10A.pdb,./data/processed/bonded/6X6C/6X6C_ligand.pdb,OG SER D 730-B15 GK2 D 901,1.4,CC(C)C(N)C(=O)N1CCCC1[B-](O)(O)OCC(N)C(=O)O,NC(CO)C(=O)O.CC(C)C(N)C(=O)N1CCCC1B(O)O,test,[H]OC(=O)[C@@]([H])(N([H])[H])C([H])([H])O[B-](O[H])(O[H])[C@@]1([H])N(C(=O)[C@]([H])(N([H])[H])C([H])(C([H])([H])[H])C([H])([H])[H])C([H])([H])C([H])([H])C1([H])[H],CC(C)C(N)C(=O)N1CCCC1[B-](O)(O)[Ti],CO[B-](O)(O)C1CCCN1C(=O)C(N)C(C)C
2020-12-14,covbinderInPDB,7B92,CNC(=O)O[C@@H](C)C=CC(=O)N[C@H]1CC[C@@H](CC=C(C)C=C[C@@H]2CC3(CO3)CC(C)(C)O2)CC1,./data/processed/bonded/7B92/7B92_protein.pdb,./data/processed/bonded/7B92/7B92_10Apocket.pdb,./data/processed/bonded/7B92/7B92_chain_within_10A.pdb,./data/processed/bonded/7B92/7B92_ligand.pdb,SG CYS D 26-C2 T2W D 104,1.77,CNC(=O)OC(C)C=CC(=O)NC1CCC(CC=C(C)C=CC2CC(O)(CSCC(N)C(=O)O)CC(C)(C)O2)CC1,NC(CS)C(=O)O.CNC(=O)OC(C)C=CC(=O)NC1CCC(CC=C(C)C=CC2CC3(CO3)CC(C)(C)O2)CC1,test,[H]OC(=O)[C@@]([H])(N([H])[H])C([H])([H])SC([H])([H])C1(O[H])C([H])([H])C([H])(C([H])=C([H])C(=C([H])C([H])([H])C2([H])C([H])([H])C([H])([H])C([H])(N([H])C(=O)C([H])=C([H])C([H])(OC(=O)N([H])C([H])([H])[H])C([H])([H])[H])C([H])([H])C2([H])[H])C([H])([H])[H])OC(C([H])([H])[H])(C([H])([H])[H])C1([H])[H],CNC(=O)OC(C)C=CC(=O)NC1CCC(CC=C(C)C=CC2CC(O)(C[Ti])CC(C)(C)O2)CC1,CNC(=O)OC(C)C=CC(=O)NC1CCC(CC=C(C)C=CC2CC(O)(CSC)CC(C)(C)O2)CC1
2020-01-30,covbinderInPDB,6XYC,NCCc1ccc(S(=O)(=O)F)cc1,./data/processed/bonded/6XYC/6XYC_protein.pdb,./data/processed/bonded/6XYC/6XYC_10Apocket.pdb,./data/processed/bonded/6XYC/6XYC_chain_within_10A.pdb,./data/processed/bonded/6XYC/6XYC_ligand.pdb,OG SER A 128-S AES A 701,1.47,NCCc1ccc(S(=O)(=O)OCC(N)C(=O)O)cc1,NC(CO)C(=O)O.NCCc1ccc(S(=O)(=O)F)cc1,test,[H]OC(=O)[C@@]([H])(N([H])[H])C([H])([H])OS(=O)(=O)c1c([H])c([H])c(C([H])([H])C([H])([H])N([H])[H])c([H])c1[H],NCCc1ccc(S(=O)(=O)[Ti])cc1,COS(=O)(=O)c1ccc(CCN)cc1
2021-07-06,covbinderInPDB,7RBX,C=C(CC(=O)O)C(=O)O,./data/processed/bonded/7RBX/7RBX_protein.pdb,./data/processed/bonded/7RBX/7RBX_10Apocket.pdb,./data/processed/bonded/7RBX/7RBX_chain_within_10A.pdb,./data/processed/bonded/7RBX/7RBX_ligand.pdb,SG CYS D 185-C4 ITN D 502,1.77,NC(CSC=C(CC(=O)O)C(=O)O)C(=O)O,NC(CS)C(=O)O.C=C(CC(=O)O)C(=O)O,test,[H]OC(=O)/C(=C(/[H])SC([H])([H])[C@@]([H])(C(=O)O[H])N([H])[H])C([H])([H])C(=O)O[H],O=C(O)CC(=C[Ti])C(=O)O,CSC=C(CC(=O)O)C(=O)O
2020-07-09,covbinderInPDB,6ZPR,COCCOCn1c(S(C)(=O)=O)nc2c1c(=O)n(C)c(=O)n2C,./data/processed/bonded/6ZPR/6ZPR_protein.pdb,./data/processed/bonded/6ZPR/6ZPR_10Apocket.pdb,./data/processed/bonded/6ZPR/6ZPR_chain_within_10A.pdb,./data/processed/bonded/6ZPR/6ZPR_ligand.pdb,SG CYS A 86-C7 QOK A 201,1.76,COCCOCn1c(SCC(N)C(=O)O)nc2c1c(=O)n(C)c(=O)n2C,NC(CS)C(=O)O.COCCOCn1c(S(C)(=O)=O)nc2c1c(=O)n(C)c(=O)n2C,test,[H]OC(=O)[C@@]([H])(N([H])[H])C([H])([H])Sc1nc2c(c(=O)n(C([H])([H])[H])c(=O)n2C([H])([H])[H])n1C([H])([H])OC([H])([H])C([H])([H])OC([H])([H])[H],COCCOCn1c([Ti])nc2c1c(=O)n(C)c(=O)n2C,COCCOCn1c(SC)nc2c1c(=O)n(C)c(=O)n2C
2021-03-30,covbinderInPDB,7M8R,O=C(CBr)C(F)(F)F,./data/processed/bonded/7M8R/7M8R_protein.pdb,./data/processed/bonded/7M8R/7M8R_10Apocket.pdb,./data/processed/bonded/7M8R/7M8R_chain_within_10A.pdb,./data/processed/bonded/7M8R/7M8R_ligand.pdb,SG CYS H 15-C01 W6X H 202,1.81,NC(CSCC(=O)C(F)(F)F)C(=O)O,NC(CS)C(=O)O.O=C(CBr)C(F)(F)F,test,[H]OC(=O)[C@@]([H])(N([H])[H])C([H])([H])SC([H])([H])C(=O)C(F)(F)F,O=C(C[Ti])C(F)(F)F,CSCC(=O)C(F)(F)F
2020-06-09,covbinderInPDB,6ZBX,OC[C@H]1O[C@H](OC[C@H]2O[C@H](OC[C@@H]3[C@@H](O)[C@H](O)[C@H](O)[C@H]4O[C@@H]34)[C@@H](O)[C@@H](O)[C@@H]2O)[C@@H](O)[C@@H](O)[C@@H]1O,./data/processed/bonded/6ZBX/6ZBX_protein.pdb,./data/processed/bonded/6ZBX/6ZBX_10Apocket.pdb,./data/processed/bonded/6ZBX/6ZBX_chain_within_10A.pdb,./data/processed/bonded/6ZBX/6ZBX_ligand.pdb,OD2 ASP B 124-C1' PBW B 602,1.48,NC(CC(=O)OC1C(O)C(O)C(O)C(CO)C1O)C(=O)O,NC(CC(=O)O)C(=O)O.OCC1OC(OCC2OC(OCC3C(O)C(O)C(O)C4OC34)C(O)C(O)C2O)C(O)C(O)C1O,test,[H]OC(=O)[C@@]([H])(N([H])[H])C([H])([H])C(=O)O[C@@H]1[C@]([H])(O[H])[C@@]([H])(O[H])[C@]([H])(O[H])[C@@]([H])(C([H])([H])O[H])[C@]1([H])O[H],OCC1C(O)C(O)C(O)C([Ti])C1O,CC(=O)OC1C(O)C(O)C(O)C(CO)C1O
2020-01-17,covpdb,6LS5,CCSSc1nc2ccccc2s1,./data/processed/bonded/6LS5/6LS5_protein.pdb,./data/processed/bonded/6LS5/6LS5_10Apocket.pdb,./data/processed/bonded/6LS5/6LS5_chain_within_10A.pdb,./data/processed/bonded/6LS5/6LS5_ligand.pdb,SG CYS A 128-S03 EUF A 401,2.02,CCSSCC(N)C(=O)O,NC(CS)C(=O)O.CCSSc1nc2ccccc2s1,test,[H]OC(=O)[C@@]([H])(N([H])[H])C([H])([H])SSC([H])([H])C([H])([H])[H],CCS[Ti],CCSSC
2020-03-27,covpdb,6YGV,CCNC(=O)/C=C/C(=O)c1ccccc1,./data/processed/bonded/6YGV/6YGV_protein.pdb,./data/processed/bonded/6YGV/6YGV_10Apocket.pdb,./data/processed/bonded/6YGV/6YGV_chain_within_10A.pdb,./data/processed/bonded/6YGV/6YGV_ligand.pdb,SG CYS A 330-C3 OQH A 407,1.76,CCNC(=O)C(CC(=O)c1ccccc1)SCC(N)C(=O)O,NC(CS)C(=O)O.CCNC(=O)C=CC(=O)c1ccccc1,test,[H]OC(=O)[C@@]([H])(N([H])[H])C([H])([H])S[C@@]([H])(C(=O)N([H])C([H])([H])C([H])([H])[H])C([H])([H])C(=O)c1c([H])c([H])c([H])c([H])c1[H],CCNC(=O)C([Ti])CC(=O)c1ccccc1,CCNC(=O)C(CC(=O)c1ccccc1)SC
2020-01-21,covpdb,6XVB,CC#CC1=Nc2ccc(NC(=O)Cc3ncc(Oc4ccnc5cc(OC)ccc45)cc3OC)cc2C(C)(C)O1,./data/processed/bonded/6XVB/6XVB_protein.pdb,./data/processed/bonded/6XVB/6XVB_10Apocket.pdb,./data/processed/bonded/6XVB/6XVB_chain_within_10A.pdb,./data/processed/bonded/6XVB/6XVB_ligand.pdb,SG CYS B 788-C1 O2H B 1001,1.78,COc1ccc2c(Oc3cnc(CC(=O)Nc4ccc5c(c4)C(C)(C)OC(CC(C)SCC(N)C(=O)O)=N5)c(OC)c3)ccnc2c1,NC(CS)C(=O)O.CC#CC1=Nc2ccc(NC(=O)Cc3ncc(Oc4ccnc5cc(OC)ccc45)cc3OC)cc2C(C)(C)O1,test,[H]OC(=O)[C@@]([H])(N([H])[H])C([H])([H])S[C@]([H])(C([H])([H])[H])C([H])([H])C1=Nc2c([H])c([H])c(N([H])C(=O)C([H])([H])c3nc([H])c(Oc4c([H])c([H])nc5c([H])c(OC([H])([H])[H])c([H])c([H])c45)c([H])c3OC([H])([H])[H])c([H])c2C(C([H])([H])[H])(C([H])([H])[H])O1,COc1ccc2c(Oc3cnc(CC(=O)Nc4ccc5c(c4)C(C)(C)OC(CC(C)[Ti])=N5)c(OC)c3)ccnc2c1,COc1ccc2c(Oc3cnc(CC(=O)Nc4ccc5c(c4)C(C)(C)OC(CC(C)SC)=N5)c(OC)c3)ccnc2c1
